Actual,Baseline_Predicted,Model_Predicted
2.2,2.1293774319066148,2.287406935763403
1.9,2.1293774319066148,1.973287541615564
1.2,2.1293774319066148,1.1792365770832656
1.6,2.1293774319066148,1.2686036242545673
2.2,2.1293774319066148,2.1619265143896578
0.1,2.1293774319066148,0.12801581707628618
1.7,2.1293774319066148,2.0023509611757215
5.6,2.1293774319066148,5.024179806222464
5.1,2.1293774319066148,4.069734316849127
3.6,2.1293774319066148,3.513236528067191
0.7,2.1293774319066148,0.2932334265647556
2.1,2.1293774319066148,2.7980789667142036
1.5,2.1293774319066148,1.1034123457837084
1.3,2.1293774319066148,1.1042517523667483
3.1,2.1293774319066148,3.4825357394528638
2.5,2.1293774319066148,2.727866454797816
0.5,2.1293774319066148,0.4213657555135426
0.9,2.1293774319066148,1.2715383223397196
3.9,2.1293774319066148,3.597521643698218
2.4,2.1293774319066148,2.3538052675862917
1.1,2.1293774319066148,0.9694154179046064
2.4,2.1293774319066148,2.1356693627271195
1.3,2.1293774319066148,1.867134097511311
2.9,2.1293774319066148,3.1071901018077037
2.5,2.1293774319066148,2.6270598401397343
1.0,2.1293774319066148,1.2266155669823195
3.6,2.1293774319066148,4.114321315573511
1.3,2.1293774319066148,1.4684513233702137
2.5,2.1293774319066148,2.530187900490706
2.1,2.1293774319066148,2.162159246800477
1.6,2.1293774319066148,2.5868963112405106
0.6,2.1293774319066148,0.3043104126862899
3.4,2.1293774319066148,3.351342116708781
1.3,2.1293774319066148,1.59042164099283
4.0,2.1293774319066148,3.7746676196659106
1.4,2.1293774319066148,1.6622419995763804
1.0,2.1293774319066148,0.8531724767828881
3.3,2.1293774319066148,3.23063829997632
2.6,2.1293774319066148,0.7813618355416156
1.8,2.1293774319066148,1.700589267399499
0.3,2.1293774319066148,-0.2151241980244114
0.6,2.1293774319066148,0.06610587801480561
6.8,2.1293774319066148,5.822114528352639
0.7,2.1293774319066148,0.22125642991117855
0.7,2.1293774319066148,0.8957652610584714
1.1,2.1293774319066148,0.6553820058452964
5.5,2.1293774319066148,5.423033612802058
0.7,2.1293774319066148,0.49067517900073265
1.0,2.1293774319066148,0.6257574512183168
1.1,2.1293774319066148,1.5186612984109176
0.9,2.1293774319066148,0.7069878412081352
0.7,2.1293774319066148,1.4861857853636584
4.9,2.1293774319066148,3.935932494962821
0.2,2.1293774319066148,0.2394310783035678
0.7,2.1293774319066148,0.21030719977388412
0.8,2.1293774319066148,0.3483612233620115
0.6,2.1293774319066148,-0.05807366758134469
3.8,2.1293774319066148,3.5059906295177186
0.8,2.1293774319066148,0.7283330995725796
3.1,2.1293774319066148,3.56371877441266
0.9,2.1293774319066148,0.8193345108134378
1.2,2.1293774319066148,0.7756317033475995
1.5,2.1293774319066148,1.5241026589807047
0.6,2.1293774319066148,0.6429074529642052
2.2,2.1293774319066148,2.5193107335372162
1.7,2.1293774319066148,1.4938360395728885
1.3,2.1293774319066148,1.855164611776534
1.7,2.1293774319066148,1.7544063483042671
0.2,2.1293774319066148,0.6883823570278405
0.7,2.1293774319066148,0.48246498615782407
1.3,2.1293774319066148,1.0195384630437854
3.2,2.1293774319066148,3.3150717267354635
0.8,2.1293774319066148,0.1385350646651593
3.0,2.1293774319066148,3.304046714030876
2.3,2.1293774319066148,2.2560949934589227
1.6,2.1293774319066148,1.5103409289234022
2.2,2.1293774319066148,2.174445450306733
1.6,2.1293774319066148,2.777949182156241
2.0,2.1293774319066148,2.2657765735740045
0.4,2.1293774319066148,0.3001373366652067
2.6,2.1293774319066148,2.7112989275338037
2.4,2.1293774319066148,2.8062549860475547
1.4,2.1293774319066148,1.4127455179710018
4.2,2.1293774319066148,3.8396303124302875
0.9,2.1293774319066148,1.0111684273866262
2.6,2.1293774319066148,3.0861437295002827
1.3,2.1293774319066148,1.4890444302786165
1.2,2.1293774319066148,0.9914328922240419
0.5,2.1293774319066148,0.5188023386433218
4.4,2.1293774319066148,3.9413626508181547
1.3,2.1293774319066148,1.3023661425013349
1.5,2.1293774319066148,1.345315360678105
0.8,2.1293774319066148,1.1139328351808535
2.6,2.1293774319066148,2.7693602881445507
2.6,2.1293774319066148,1.9955615530769852
0.9,2.1293774319066148,0.5972950944681596
1.2,2.1293774319066148,1.1109411987357936
1.9,2.1293774319066148,2.0654769429764475
0.6,2.1293774319066148,0.26499680783959745
1.4,2.1293774319066148,1.6278229188756228
1.1,2.1293774319066148,1.134445380812089
1.0,2.1293774319066148,1.0801899985140893
1.3,2.1293774319066148,1.274221399758697
0.8,2.1293774319066148,1.0365416512291068
1.4,2.1293774319066148,1.1026050277987265
4.8,2.1293774319066148,4.75703067921313
3.7,2.1293774319066148,4.022646509131621
7.9,2.1293774319066148,6.820293636359446
4.1,2.1293774319066148,4.462717994560372
1.6,2.1293774319066148,1.6740244668163375
3.1,2.1293774319066148,3.2886377067343955
3.1,2.1293774319066148,3.453285099363929
3.1,2.1293774319066148,2.832614009949998
4.2,2.1293774319066148,3.4705554110198547
1.6,2.1293774319066148,1.9575870191197735
0.4,2.1293774319066148,0.15465162450014702
2.2,2.1293774319066148,2.5847207322670225
2.6,2.1293774319066148,2.503719450158888
2.5,2.1293774319066148,2.5549533511978266
1.0,2.1293774319066148,0.7716546149945032
0.3,2.1293774319066148,0.170530258676171
1.6,2.1293774319066148,1.628908252795061
1.8,2.1293774319066148,2.006985254374271
0.8,2.1293774319066148,0.8368730517077712
2.0,2.1293774319066148,2.1795737066159746
2.7,2.1293774319066148,2.7740248660384723
3.6,2.1293774319066148,4.006062001687639
1.4,2.1293774319066148,1.252931699941823
4.3,2.1293774319066148,3.415960648443206
1.0,2.1293774319066148,0.7252497100972142
1.0,2.1293774319066148,0.8911812538649857
2.5,2.1293774319066148,2.4327946821537583
1.3,2.1293774319066148,1.137106122501648
3.7,2.1293774319066148,4.130052169573043
0.8,2.1293774319066148,0.8626907840256217
3.8,2.1293774319066148,3.9866574642188093
0.5,2.1293774319066148,0.020354550314712228
2.8,2.1293774319066148,2.8245228589001012
1.5,2.1293774319066148,1.6268556863273278
1.7,2.1293774319066148,1.8378261276160797
2.6,2.1293774319066148,2.865021751242393
2.9,2.1293774319066148,3.152057862777352
0.3,2.1293774319066148,0.2253098511661875
2.2,2.1293774319066148,2.9942859832359763
3.8,2.1293774319066148,3.462487824967506
1.4,2.1293774319066148,1.9575389912613077
1.0,2.1293774319066148,0.8774812218655541
2.7,2.1293774319066148,2.8299368149051567
1.6,2.1293774319066148,1.5492342457241437
3.9,2.1293774319066148,3.2237935511880838
1.6,2.1293774319066148,1.4353485272876632
1.5,2.1293774319066148,1.4355091922165835
0.5,2.1293774319066148,0.03218403728064123
1.6,2.1293774319066148,1.9213417632758871
4.8,2.1293774319066148,4.728193837952471
1.5,2.1293774319066148,1.384900560348375
4.3,2.1293774319066148,3.780189299194431
1.1,2.1293774319066148,0.9596073073733173
3.3,2.1293774319066148,3.1178072962114003
2.7,2.1293774319066148,3.0092000789593234
3.8,2.1293774319066148,3.7018732172455557
0.4,2.1293774319066148,-0.0272982010454359
2.6,2.1293774319066148,2.3405099108355576
3.0,2.1293774319066148,3.206643293515125
1.2,2.1293774319066148,1.0294515988482718
1.4,2.1293774319066148,1.4995703890531822
0.8,2.1293774319066148,0.3926854872759826
0.6,2.1293774319066148,0.5836375388818791
1.0,2.1293774319066148,0.7103117104398875
0.6,2.1293774319066148,0.8300977086703019
2.4,2.1293774319066148,2.360916587690707
5.1,2.1293774319066148,4.487826239189344
3.1,2.1293774319066148,2.8358778310180957
2.0,2.1293774319066148,1.8115913836347375
2.2,2.1293774319066148,2.358002084075554
1.4,2.1293774319066148,1.3433547514682695
2.5,2.1293774319066148,2.709022514398465
1.3,2.1293774319066148,1.1227791688296302
1.5,2.1293774319066148,1.4894444976748324
5.1,2.1293774319066148,4.4811332741323575
0.5,2.1293774319066148,0.3699433446838203
0.9,2.1293774319066148,1.424812028194853
3.4,2.1293774319066148,3.620984128399285
2.8,2.1293774319066148,1.6871597236896032
1.2,2.1293774319066148,1.0860135665680395
1.2,2.1293774319066148,1.468016284068259
1.7,2.1293774319066148,1.698825959765644
2.1,2.1293774319066148,2.7214925835615844
1.4,2.1293774319066148,3.9011954398692987
0.8,2.1293774319066148,0.5428362386075547
2.7,2.1293774319066148,2.9090536436282095
0.3,2.1293774319066148,-0.18456091028148824
3.1,2.1293774319066148,3.5562306915341497
2.7,2.1293774319066148,2.807086712507773
1.3,2.1293774319066148,1.3966588615445468
1.5,2.1293774319066148,1.283138962499762
4.2,2.1293774319066148,3.834802213093538
2.4,2.1293774319066148,2.2383678841810197
3.1,2.1293774319066148,3.5515839461894365
1.9,2.1293774319066148,1.8022202078908176
0.3,2.1293774319066148,-0.1551854336442644
2.5,2.1293774319066148,2.47761503321795
1.2,2.1293774319066148,1.499540347094852
1.0,2.1293774319066148,1.200840596565413
1.7,2.1293774319066148,2.0979436662867155
2.4,2.1293774319066148,2.9994200026480153
1.3,2.1293774319066148,1.0176458405513273
0.9,2.1293774319066148,1.2663287032426602
2.0,2.1293774319066148,2.3577311919267423
1.4,2.1293774319066148,1.8385379457191955
3.3,2.1293774319066148,3.580425866261286
4.1,2.1293774319066148,4.087312828255435
1.4,2.1293774319066148,0.7602433749903301
1.3,2.1293774319066148,1.3726041107065237
0.6,2.1293774319066148,0.36360082421476747
3.6,2.1293774319066148,3.905079676850085
4.2,2.1293774319066148,3.522529090468109
1.9,2.1293774319066148,2.3908790869257515
2.0,2.1293774319066148,2.358902785880209
2.0,2.1293774319066148,2.0987154712688745
1.9,2.1293774319066148,2.4231420902719587
1.9,2.1293774319066148,2.0572365045912733
0.9,2.1293774319066148,1.4025496125747483
2.4,2.1293774319066148,2.920701976829787
1.9,2.1293774319066148,2.2210568033662565
0.4,2.1293774319066148,0.025798901558102827
2.9,2.1293774319066148,3.0245772921052216
0.6,2.1293774319066148,0.18069086803352064
3.2,2.1293774319066148,3.4332642353023495
1.1,2.1293774319066148,0.856073357826256
1.8,2.1293774319066148,1.6195299591844234
1.2,2.1293774319066148,0.9587572930906791
0.5,2.1293774319066148,0.16546061140558987
0.3,2.1293774319066148,-0.25349763398269376
1.2,2.1293774319066148,1.5171411769213008
2.3,2.1293774319066148,2.0641381348148613
2.0,2.1293774319066148,1.9963932199317478
4.6,2.1293774319066148,3.4470346337038684
0.8,2.1293774319066148,0.3428837254909731
2.0,2.1293774319066148,1.7350516144948323
1.0,2.1293774319066148,0.9400897457223301
1.5,2.1293774319066148,1.758727795370925
0.7,2.1293774319066148,1.1383375433514253
0.7,2.1293774319066148,0.46363417775187243
0.8,2.1293774319066148,0.24542967453442466
1.6,2.1293774319066148,1.5770188868568646
0.9,2.1293774319066148,0.6611099946954822
0.4,2.1293774319066148,0.2200419315582245
3.4,2.1293774319066148,3.037156418801896
2.0,2.1293774319066148,2.482597943545529
1.2,2.1293774319066148,0.8759771307715145
1.5,2.1293774319066148,1.3800072114510953
1.7,2.1293774319066148,2.119846870270308
4.7,2.1293774319066148,4.903444216710629
0.9,2.1293774319066148,1.936796599851085
3.2,2.1293774319066148,2.950974577519921
2.4,2.1293774319066148,2.4562089956685558
1.2,2.1293774319066148,1.0409733388069486
1.0,2.1293774319066148,0.5926614290791135
3.1,2.1293774319066148,2.9886186323115296
2.3,2.1293774319066148,2.4139780130613406
2.8,2.1293774319066148,3.048418746473638
1.0,2.1293774319066148,1.2149243145327229
1.0,2.1293774319066148,0.8920896719299509
0.8,2.1293774319066148,1.0686879261302098
0.5,2.1293774319066148,0.7667286485963558
3.3,2.1293774319066148,2.9312929878125114
0.5,2.1293774319066148,-0.0024222670975091454
2.1,2.1293774319066148,2.2444979766138693
1.4,2.1293774319066148,1.4235145435138863
1.8,2.1293774319066148,2.0942907810651468
1.4,2.1293774319066148,1.7248438693780075
3.3,2.1293774319066148,3.5901596257544037
0.6,2.1293774319066148,0.0234717296610234
2.9,2.1293774319066148,2.898781564116539
1.8,2.1293774319066148,1.8308628591692697
1.5,2.1293774319066148,1.2419398690468209
0.7,2.1293774319066148,0.7013119787916811
3.3,2.1293774319066148,2.6767843112915215
1.7,2.1293774319066148,2.0987541134149548
2.0,2.1293774319066148,2.2684637862161976
1.1,2.1293774319066148,1.3297610760820133
2.3,2.1293774319066148,2.312481217986329
0.1,2.1293774319066148,0.4769382921663201
4.9,2.1293774319066148,4.652192137009491
3.1,2.1293774319066148,3.1080567552280476
1.7,2.1293774319066148,1.5664597482801574
2.7,2.1293774319066148,2.5242854342281675
1.4,2.1293774319066148,1.7866525380427023
2.9,2.1293774319066148,3.1098350072908563
1.4,2.1293774319066148,0.8202073948642885
2.9,2.1293774319066148,2.7921845174228466
1.2,2.1293774319066148,1.5809002542218904
2.8,2.1293774319066148,3.0239379314484935
1.0,2.1293774319066148,1.1308307209992656
1.7,2.1293774319066148,1.8573865450510345
1.0,2.1293774319066148,1.1899175494631373
4.0,2.1293774319066148,4.031186543613873
4.0,2.1293774319066148,3.1175656661268887
5.5,2.1293774319066148,5.276335102244724
0.3,2.1293774319066148,-0.11709175989338716
0.8,2.1293774319066148,0.7460606234734912
2.6,2.1293774319066148,2.5346181697751238
3.0,2.1293774319066148,3.2297082774496606
1.3,2.1293774319066148,1.4896896749791402
2.9,2.1293774319066148,2.4321911790364243
1.3,2.1293774319066148,1.3852316488100778
3.2,2.1293774319066148,2.988936027991749
0.9,2.1293774319066148,1.3570791285627561
4.0,2.1293774319066148,4.04532828336176
0.9,2.1293774319066148,1.506658568650022
1.4,2.1293774319066148,1.4782880572662664
4.3,2.1293774319066148,4.467364675133857
4.6,2.1293774319066148,4.380893406028982
1.3,2.1293774319066148,1.2962244600688262
3.2,2.1293774319066148,3.8808444479954876
0.5,2.1293774319066148,-0.19028530293238344
1.4,2.1293774319066148,1.6665631649201615
0.7,2.1293774319066148,0.35428268091305437
1.2,2.1293774319066148,1.14007173655604
0.7,2.1293774319066148,0.28382732213954753
2.1,2.1293774319066148,3.6375913726006215
2.9,2.1293774319066148,2.998589431951387
1.6,2.1293774319066148,1.7280140480704995
3.7,2.1293774319066148,4.045378865996084
1.1,2.1293774319066148,1.3012962970679143
1.4,2.1293774319066148,1.6471424599745734
1.9,2.1293774319066148,1.8966786299015739
1.1,2.1293774319066148,0.9057074149460793
4.2,2.1293774319066148,4.234598662686972
3.0,2.1293774319066148,4.110354700777501
0.6,2.1293774319066148,0.11662627675956205
0.7,2.1293774319066148,0.6596567260186419
0.9,2.1293774319066148,0.733017524234145
0.9,2.1293774319066148,0.8667442101362142
1.7,2.1293774319066148,1.7677528975081895
2.0,2.1293774319066148,1.7395123842890985
3.0,2.1293774319066148,2.9957445480381857
1.3,2.1293774319066148,1.0473216529182403
4.4,2.1293774319066148,4.55363043321864
3.7,2.1293774319066148,3.5966603781299065
1.5,2.1293774319066148,1.4452081517615625
2.0,2.1293774319066148,2.1786933829035546
3.0,2.1293774319066148,2.8723374133730863
1.9,2.1293774319066148,2.57099107003348
1.8,2.1293774319066148,1.598540017906444
1.3,2.1293774319066148,1.174743651107305
1.9,2.1293774319066148,2.011645394628216
1.0,2.1293774319066148,0.6873933412051347
1.8,2.1293774319066148,2.0243659651944665
1.6,2.1293774319066148,1.426342128873578
2.0,2.1293774319066148,2.230777045499827
1.3,2.1293774319066148,1.0853096403074958
1.9,2.1293774319066148,1.9421354842765373
2.9,2.1293774319066148,3.327244232889965
1.1,2.1293774319066148,1.4513569933509398
2.1,2.1293774319066148,2.331115467148584
3.2,2.1293774319066148,3.838531968202554
2.2,2.1293774319066148,2.228540874015069
1.6,2.1293774319066148,1.3591572970814254
5.0,2.1293774319066148,4.7327531766452875
2.8,2.1293774319066148,2.662442763055808
1.3,2.1293774319066148,1.0629494114142735
4.8,2.1293774319066148,3.933236280116436
2.1,2.1293774319066148,2.2162225127935016
0.4,2.1293774319066148,-0.12651804616686801
1.2,2.1293774319066148,1.438859796265613
2.9,2.1293774319066148,3.250509613308094
2.3,2.1293774319066148,2.3518712995106617
4.5,2.1293774319066148,4.394640858594409
0.6,2.1293774319066148,0.3371275289034865
0.3,2.1293774319066148,2.0259643815233566
1.7,2.1293774319066148,2.296371361015983
1.4,2.1293774319066148,1.3099670839106643
4.2,2.1293774319066148,3.6156604368389975
1.2,2.1293774319066148,1.4771982779800004
2.8,2.1293774319066148,2.9175432653800235
2.2,2.1293774319066148,1.8688281093040089
0.6,2.1293774319066148,0.896667299508316
1.3,2.1293774319066148,1.416028908601604
3.2,2.1293774319066148,3.2067303985221676
1.7,2.1293774319066148,1.7517103338612345
4.6,2.1293774319066148,4.174027500383261
1.5,2.1293774319066148,1.5200655760190167
1.0,2.1293774319066148,1.9815542436981888
2.0,2.1293774319066148,2.6697345764385814
3.4,2.1293774319066148,3.543454946294762
2.8,2.1293774319066148,2.784500068780129
3.3,2.1293774319066148,3.331137059377305
1.9,2.1293774319066148,2.2293841077695484
2.5,2.1293774319066148,2.613746207254042
2.5,2.1293774319066148,2.6390742525474424
0.5,2.1293774319066148,0.05128154600859336
0.8,2.1293774319066148,1.149526666964455
1.4,2.1293774319066148,2.2710376184589784
2.8,2.1293774319066148,2.595894302891525
0.8,2.1293774319066148,1.0955408593481828
0.8,2.1293774319066148,0.7352794185361999
0.8,2.1293774319066148,0.6770578167406263
0.9,2.1293774319066148,0.7477326293228022
1.3,2.1293774319066148,1.654527442604857
3.2,2.1293774319066148,3.777552778482341
2.7,2.1293774319066148,2.8468026855380706
2.0,2.1293774319066148,2.270770070537092
4.4,2.1293774319066148,4.556928585281666
3.7,2.1293774319066148,3.6584350161143036
1.8,2.1293774319066148,2.1859944707482515
2.6,2.1293774319066148,2.9251564772818472
2.8,2.1293774319066148,3.352668903067599
4.0,2.1293774319066148,4.15484135990517
3.0,2.1293774319066148,3.010612150499965
2.6,2.1293774319066148,1.6379368640319842
0.8,2.1293774319066148,1.0400713029860338
5.6,2.1293774319066148,5.606853902109551
0.4,2.1293774319066148,0.18583056669035503
1.2,2.1293774319066148,1.7186799960831154
2.3,2.1293774319066148,2.040433511685224
3.2,2.1293774319066148,3.1126772815713375
0.6,2.1293774319066148,0.5008595726732101
2.7,2.1293774319066148,3.703737040750108
0.4,2.1293774319066148,-0.3209533078826361
1.0,2.1293774319066148,0.5530689462046834
3.1,2.1293774319066148,3.4691759326645943
1.9,2.1293774319066148,1.806165854195887
4.5,2.1293774319066148,4.443304529212485
1.2,2.1293774319066148,1.033037626750896
2.1,2.1293774319066148,2.6573145853020668
1.0,2.1293774319066148,1.3149605336791472
3.7,2.1293774319066148,4.216668538357664
1.0,2.1293774319066148,1.2047958935638325
2.6,2.1293774319066148,2.690841290701035
1.7,2.1293774319066148,1.9334516083160156
1.1,2.1293774319066148,1.3306998554764187
2.4,2.1293774319066148,2.2080608905313377
1.6,2.1293774319066148,1.7560939670356472
2.7,2.1293774319066148,3.0419300844386377
0.5,2.1293774319066148,0.4854377656844815
0.6,2.1293774319066148,0.5175865390129615
3.7,2.1293774319066148,3.728649272873116
1.0,2.1293774319066148,0.9666963393341301
1.6,2.1293774319066148,1.8477333051988498
4.9,2.1293774319066148,4.492616963069697
1.9,2.1293774319066148,1.804628097145008
0.9,2.1293774319066148,1.154450964859234
2.6,2.1293774319066148,2.847659469345509
5.7,2.1293774319066148,5.287709688799136
4.4,2.1293774319066148,3.8303608149088335
0.5,2.1293774319066148,0.5449960487175272
1.9,2.1293774319066148,2.344385928047399
5.2,2.1293774319066148,4.649570253676169
0.7,2.1293774319066148,0.48345030336958095
2.3,2.1293774319066148,1.8697895543201426
1.8,2.1293774319066148,2.1160193379096253
1.3,2.1293774319066148,1.1240251236292718
3.6,2.1293774319066148,3.0866019676295595
1.0,2.1293774319066148,0.7011849663937677
2.6,2.1293774319066148,2.9217019096814805
0.8,2.1293774319066148,1.6280727656506273
5.4,2.1293774319066148,4.972039029671453
1.5,2.1293774319066148,1.4024729158567768
0.9,2.1293774319066148,0.9981517137582601
2.5,2.1293774319066148,2.534810839632154
2.5,2.1293774319066148,2.4243143020833973
2.6,2.1293774319066148,3.058374518419444
0.4,2.1293774319066148,1.248447614782151
5.8,2.1293774319066148,4.977789054973259
0.4,2.1293774319066148,1.1541450532510216
2.1,2.1293774319066148,3.0448547127306416
3.1,2.1293774319066148,2.5439440063547325
3.8,2.1293774319066148,3.3959318025810896
1.4,2.1293774319066148,1.7004467777936747
0.8,2.1293774319066148,0.8604316292179253
0.6,2.1293774319066148,0.3571578351794875
1.8,2.1293774319066148,1.7316379964675694
1.2,2.1293774319066148,1.4172284699697668
1.7,2.1293774319066148,1.8819137767293488
3.2,2.1293774319066148,3.0522243218487914
3.6,2.1293774319066148,3.6189061329616212
1.4,2.1293774319066148,1.6246405290574217
8.0,2.1293774319066148,6.555292806517029
2.1,2.1293774319066148,2.1689900144907606
0.7,2.1293774319066148,0.1629932904699205
7.0,2.1293774319066148,5.840125606561179
2.1,2.1293774319066148,2.6622575400734454
2.8,2.1293774319066148,2.4684491039478003
0.6,2.1293774319066148,0.7202578677830016
0.7,2.1293774319066148,0.23836446023652624
2.7,2.1293774319066148,2.3809805542604936
0.2,2.1293774319066148,0.8551657847325829
2.1,2.1293774319066148,2.0715173457199403
2.5,2.1293774319066148,2.730043169671206
3.0,2.1293774319066148,2.6023298056147364
0.8,2.1293774319066148,0.6986927031955605
2.3,2.1293774319066148,2.5733566978656475
0.3,2.1293774319066148,1.0170315544312785
2.7,2.1293774319066148,2.575013445450237
6.1,2.1293774319066148,5.3720183641103
1.4,2.1293774319066148,1.4110033545171834
1.0,2.1293774319066148,1.0809630531194063
0.2,2.1293774319066148,0.6644559224562709
4.6,2.1293774319066148,4.275247610240196
3.4,2.1293774319066148,3.0520905760416053
0.7,2.1293774319066148,1.4549319885845868
5.8,2.1293774319066148,4.916001350507846
2.1,2.1293774319066148,2.1506927417289865
1.0,2.1293774319066148,0.19520580576473168
2.0,2.1293774319066148,1.970691461360089
3.7,2.1293774319066148,3.815048764349301
5.6,2.1293774319066148,4.965427482589238
5.6,2.1293774319066148,5.047855487222236
1.1,2.1293774319066148,1.5578679297336429
0.9,2.1293774319066148,1.3093373553472993
4.3,2.1293774319066148,3.8620284682373347
3.8,2.1293774319066148,4.095830407857531
0.1,2.1293774319066148,0.9323094518010233
2.8,2.1293774319066148,2.7509384973230917
0.1,2.1293774319066148,0.7719101098138887
3.0,2.1293774319066148,2.839830000862328
0.8,2.1293774319066148,0.2899367692574706
3.3,2.1293774319066148,2.79799207593543
2.0,2.1293774319066148,2.6603996491135926
1.4,2.1293774319066148,1.6246644240394166
4.4,2.1293774319066148,3.609787264628802
1.7,2.1293774319066148,1.9563078934781497
5.2,2.1293774319066148,4.632416508407617
3.2,2.1293774319066148,3.1391763988376846
0.2,2.1293774319066148,-0.22512428556942776
1.5,2.1293774319066148,1.3502690457662272
2.4,2.1293774319066148,2.182368821896711
0.9,2.1293774319066148,1.1072678561145683
1.1,2.1293774319066148,1.07324958687342
2.0,2.1293774319066148,2.1999367707828092
0.8,2.1293774319066148,2.364466479469708
0.5,2.1293774319066148,0.3049960090661561
4.3,2.1293774319066148,3.4592732456288653
2.5,2.1293774319066148,2.648628476216894
2.5,2.1293774319066148,2.735032752467694
1.1,2.1293774319066148,1.0045586569180993
3.8,2.1293774319066148,4.245242891621205
2.5,2.1293774319066148,2.5932080715321164
3.6,2.1293774319066148,3.0872385581766126
1.2,2.1293774319066148,1.588116053276343
2.7,2.1293774319066148,2.71165025435734
3.1,2.1293774319066148,3.3977901635652348
1.5,2.1293774319066148,1.4236618397776217
1.9,2.1293774319066148,2.1410025721184485
1.2,2.1293774319066148,1.4951805911577827
3.4,2.1293774319066148,3.2444212364941554
0.4,2.1293774319066148,1.5074006036878913
1.1,2.1293774319066148,0.8674274197284277
0.1,2.1293774319066148,0.850777987185823
3.4,2.1293774319066148,3.24941217341497
1.1,2.1293774319066148,0.8145194476148585
1.1,2.1293774319066148,1.4028932142278325
1.0,2.1293774319066148,0.8398745170637456
2.1,2.1293774319066148,2.3974312843244037
1.9,2.1293774319066148,2.2292917802064727
5.0,2.1293774319066148,4.812745210286798
0.9,2.1293774319066148,1.1600390637897946
0.8,2.1293774319066148,0.7678448703310721
0.9,2.1293774319066148,0.7805654352993712
3.3,2.1293774319066148,3.194384782969788
2.7,2.1293774319066148,3.1049927244505504
0.8,2.1293774319066148,2.020555751603752
1.3,2.1293774319066148,1.3567933268319425
1.4,2.1293774319066148,1.2482258873857095
0.9,2.1293774319066148,1.6741642967694412
8.6,2.1293774319066148,6.775147377646942
0.4,2.1293774319066148,-0.18733870395938323
1.1,2.1293774319066148,0.40718571697641304
0.6,2.1293774319066148,-0.06864370406817022
1.6,2.1293774319066148,1.8401216250572094
2.6,2.1293774319066148,2.5700854027565954
0.8,2.1293774319066148,0.7161086028430552
2.5,2.1293774319066148,2.8124281984655726
1.9,2.1293774319066148,1.9715885277481628
1.7,2.1293774319066148,1.569996091938306
1.5,2.1293774319066148,1.1308159167365641
1.4,2.1293774319066148,1.3111664011582147
0.5,2.1293774319066148,0.44916273315413924
0.7,2.1293774319066148,0.12569853759855087
2.4,2.1293774319066148,2.8804596667695748
1.6,2.1293774319066148,1.686945637298472
0.9,2.1293774319066148,1.2808306936016973
4.2,2.1293774319066148,4.233813697507697
1.5,2.1293774319066148,1.7373840731164611
2.3,2.1293774319066148,2.6327849138214097
1.6,2.1293774319066148,1.632813908867606
1.7,2.1293774319066148,2.054848915210393
1.5,2.1293774319066148,1.6969317977810092
3.9,2.1293774319066148,4.012599352196721
1.6,2.1293774319066148,1.514501645368487
2.2,2.1293774319066148,1.672827809946506
0.7,2.1293774319066148,0.6379778011512627
1.1,2.1293774319066148,1.4396907809621262
1.4,2.1293774319066148,2.299604208412687
1.1,2.1293774319066148,0.7860209845965203
4.3,2.1293774319066148,4.315992752227851
3.5,2.1293774319066148,3.096238462315714
1.5,2.1293774319066148,1.6417886126714494
1.8,2.1293774319066148,2.3558408733841487
4.0,2.1293774319066148,3.712100983999969
5.0,2.1293774319066148,4.963457189973866
3.6,2.1293774319066148,3.4151936883004232
1.9,2.1293774319066148,2.3425383359859087
0.5,2.1293774319066148,1.820457700283134
3.2,2.1293774319066148,3.3637257329242933
2.1,2.1293774319066148,2.0168206941048568
6.8,2.1293774319066148,5.708664320874081
0.8,2.1293774319066148,0.7375408592185313
1.2,2.1293774319066148,1.4811734884357852
0.7,2.1293774319066148,0.3281044026059947
0.6,2.1293774319066148,0.5072449745923764
2.1,2.1293774319066148,2.0659845423184424
1.8,2.1293774319066148,2.122285123288404
1.0,2.1293774319066148,0.6248914410067596
1.0,2.1293774319066148,0.6161739618964421
1.9,2.1293774319066148,1.9202058974500675
1.7,2.1293774319066148,1.3881213398150023
3.9,2.1293774319066148,4.542762754811404
2.5,2.1293774319066148,2.7130254367862756
0.9,2.1293774319066148,0.758990757999777
3.0,2.1293774319066148,2.9268137110707975
1.4,2.1293774319066148,1.2002170360894893
2.7,2.1293774319066148,2.2161072932691517
0.7,2.1293774319066148,0.7399267375320004
4.1,2.1293774319066148,4.126202217149716
2.2,2.1293774319066148,0.9621397853606444
1.5,2.1293774319066148,2.3560004276830524
1.2,2.1293774319066148,0.7787884130605753
3.5,2.1293774319066148,3.061522887668871
0.5,2.1293774319066148,0.17133610294156276
3.2,2.1293774319066148,3.4885935853392853
1.4,2.1293774319066148,1.6685278169144466
2.7,2.1293774319066148,2.620820804169778
1.2,2.1293774319066148,1.4140567485285684
1.3,2.1293774319066148,1.930027689613191
3.2,2.1293774319066148,2.8479330688296716
1.7,2.1293774319066148,1.6676742207970099
1.1,2.1293774319066148,0.7747207202906712
2.6,2.1293774319066148,2.5602047285645706
1.7,2.1293774319066148,1.563212948724186
2.2,2.1293774319066148,2.546305651186705
4.1,2.1293774319066148,4.370329345203184
3.3,2.1293774319066148,2.7532009049040584
3.0,2.1293774319066148,2.5666975351222634
2.7,2.1293774319066148,2.271831278677682
8.0,2.1293774319066148,6.328878801974312
0.7,2.1293774319066148,0.44848094242815884
0.8,2.1293774319066148,0.4646083567173296
0.8,2.1293774319066148,1.1643100934038757
3.0,2.1293774319066148,3.2597016185428664
0.1,2.1293774319066148,-0.14921980424931602
2.1,2.1293774319066148,1.6019097954113652
2.1,2.1293774319066148,2.3191063661581244
1.6,2.1293774319066148,1.3649918781844501
0.8,2.1293774319066148,0.27117487966571296
1.2,2.1293774319066148,0.46809004252698094
1.7,2.1293774319066148,1.8644736349575681
1.6,2.1293774319066148,1.5483133718426023
2.4,2.1293774319066148,1.9202429999475132
3.8,2.1293774319066148,3.4603254421438
1.0,2.1293774319066148,1.190753338643808
0.7,2.1293774319066148,0.39707630800568827
3.7,2.1293774319066148,3.481335059159804
1.3,2.1293774319066148,1.3077065325975283
1.9,2.1293774319066148,2.0640428649203386
1.9,2.1293774319066148,1.612587068288934
2.7,2.1293774319066148,2.56436152073783
2.7,2.1293774319066148,3.1598522583075086
0.7,2.1293774319066148,0.5539062523567009
1.3,2.1293774319066148,1.2613106343933294
3.0,2.1293774319066148,2.8018470159284927
1.6,2.1293774319066148,1.4766589623726936
7.8,2.1293774319066148,6.038621127634647
1.4,2.1293774319066148,1.6572673435937983
0.6,2.1293774319066148,0.7139295333174984
2.0,2.1293774319066148,2.0772802821442182
2.2,2.1293774319066148,2.9672624637997465
3.4,2.1293774319066148,3.1073359461792025
3.5,2.1293774319066148,3.4192064423022774
1.4,2.1293774319066148,1.6330042899441748
0.4,2.1293774319066148,0.14838934017186856
0.6,2.1293774319066148,0.450575712463932
1.0,2.1293774319066148,0.8636101191717713
2.4,2.1293774319066148,2.778882911578559
5.2,2.1293774319066148,4.474804077704076
2.3,2.1293774319066148,2.5011874935795437
3.7,2.1293774319066148,3.2423244265072633
1.4,2.1293774319066148,2.1155660523607938
4.6,2.1293774319066148,4.5493337045051545
1.2,2.1293774319066148,0.8595105665829079
1.3,2.1293774319066148,1.085477877043573
3.6,2.1293774319066148,3.820125208380066
5.4,2.1293774319066148,5.740120160048335
4.9,2.1293774319066148,4.4834394273396825
0.8,2.1293774319066148,0.6560517170620426
1.3,2.1293774319066148,1.7962101756855056
2.4,2.1293774319066148,2.7133388694193172
1.7,2.1293774319066148,1.3969285777197187
0.5,2.1293774319066148,0.4164066318772499
2.1,2.1293774319066148,2.311736948906476
2.2,2.1293774319066148,2.82403217200678
2.7,2.1293774319066148,2.3550702861912254
2.0,2.1293774319066148,1.7447847598300248
1.9,2.1293774319066148,2.156372414108117
0.8,2.1293774319066148,0.6288481869846339
2.9,2.1293774319066148,2.8097574891956345
0.8,2.1293774319066148,0.3434022683336435
3.4,2.1293774319066148,3.2865047093820343
2.0,2.1293774319066148,1.8131893937492718
1.3,2.1293774319066148,1.2299718461859626
1.3,2.1293774319066148,1.54092504198407
3.3,2.1293774319066148,3.4519937219532757
0.4,2.1293774319066148,1.8771717863979385
1.4,2.1293774319066148,1.671824158329236
1.9,2.1293774319066148,1.7426812284160365
0.9,2.1293774319066148,0.7066129386823261
1.7,2.1293774319066148,1.391811711924032
2.3,2.1293774319066148,2.471535313206838
3.8,2.1293774319066148,2.947773127213938
4.0,2.1293774319066148,3.2427291811726526
2.6,2.1293774319066148,3.0788718304346094
4.2,2.1293774319066148,3.325905285720806
2.7,2.1293774319066148,3.1077041014823696
2.2,2.1293774319066148,1.8506788658958202
3.3,2.1293774319066148,2.8159149216606636
0.5,2.1293774319066148,0.26018632884625736
3.0,2.1293774319066148,3.1169957483740363
2.7,2.1293774319066148,2.783182806199228
2.2,2.1293774319066148,2.0230965512002004
1.9,2.1293774319066148,2.1584819722308692
0.7,2.1293774319066148,0.4704238766611908
4.1,2.1293774319066148,3.8651185460352044
1.9,2.1293774319066148,2.0216664725148497
2.0,2.1293774319066148,2.197683617210026
1.0,2.1293774319066148,0.7380732243987747
5.7,2.1293774319066148,4.203421937994376
0.9,2.1293774319066148,1.0412200756328556
2.3,2.1293774319066148,2.5722530285624314
1.8,2.1293774319066148,1.7358914113094275
0.4,2.1293774319066148,0.03612706066935489
1.1,2.1293774319066148,0.952673635130382
0.3,2.1293774319066148,-0.01218862479610383
2.0,2.1293774319066148,2.5976215159217424
2.3,2.1293774319066148,2.5945037505103663
0.9,2.1293774319066148,1.9780103670123959
1.3,2.1293774319066148,1.674957751226511
1.2,2.1293774319066148,0.9256277257550993
2.2,2.1293774319066148,1.9201791571353033
5.1,2.1293774319066148,5.217533588184695
2.8,2.1293774319066148,1.9542364453281214
4.0,2.1293774319066148,3.8111376596728403
2.0,2.1293774319066148,2.592276823318826
0.8,2.1293774319066148,0.48202233380773585
0.9,2.1293774319066148,0.5020963634258835
1.7,2.1293774319066148,1.6187891427543901
1.6,2.1293774319066148,1.9347077084134139
1.9,2.1293774319066148,1.8512905988566535
3.7,2.1293774319066148,3.513667402173695
2.9,2.1293774319066148,2.995067318206082
2.3,2.1293774319066148,2.366572061994656
1.2,2.1293774319066148,1.3242537925841906
0.5,2.1293774319066148,0.5694368302914661
1.5,2.1293774319066148,1.6523289821161486
4.4,2.1293774319066148,4.204294554839052
1.4,2.1293774319066148,1.2199930743544694
3.9,2.1293774319066148,3.9300797672529324
4.1,2.1293774319066148,4.797057565549407
2.8,2.1293774319066148,3.013539649742319
1.0,2.1293774319066148,0.5177126577979472
2.0,2.1293774319066148,3.2253139818502055
3.6,2.1293774319066148,3.405147710068795
2.2,2.1293774319066148,2.6143576375419135
3.7,2.1293774319066148,3.927094356636921
0.9,2.1293774319066148,1.6679035118703702
6.9,2.1293774319066148,4.920642356164835
1.1,2.1293774319066148,1.1695147628916536
0.8,2.1293774319066148,1.2846066249866332
2.5,2.1293774319066148,2.615072127221087
2.7,2.1293774319066148,2.5666490431421694
1.1,2.1293774319066148,1.2376017770060672
8.4,2.1293774319066148,6.703809586285077
1.9,2.1293774319066148,1.6857465821794386
1.2,2.1293774319066148,1.3189631352316609
1.1,2.1293774319066148,1.4021506963050987
1.9,2.1293774319066148,2.151994524737997
1.5,2.1293774319066148,1.2646222627831976
1.4,2.1293774319066148,1.843628707604387
1.5,2.1293774319066148,1.283441666507993
0.7,2.1293774319066148,0.43098554226791785
2.4,2.1293774319066148,2.8216102944669554
2.0,2.1293774319066148,2.0471870759394286
1.4,2.1293774319066148,1.1628531598528944
2.5,2.1293774319066148,2.630144671238443
1.5,2.1293774319066148,1.4555207783848734
1.1,2.1293774319066148,0.7408310127376239
0.3,2.1293774319066148,0.5220114553402382
0.1,2.1293774319066148,0.509427846633536
2.6,2.1293774319066148,3.0301770298216626
2.5,2.1293774319066148,1.6223099638104856
1.7,2.1293774319066148,1.9898734963740219
1.2,2.1293774319066148,0.962453468321097
4.4,2.1293774319066148,4.231161476433821
2.0,2.1293774319066148,2.1651802831457245
1.9,2.1293774319066148,2.1184963210090446
3.5,2.1293774319066148,3.844559436209999
5.9,2.1293774319066148,5.499295548610599
1.8,2.1293774319066148,2.0077293573357187
0.5,2.1293774319066148,0.03668632650437331
2.0,2.1293774319066148,1.9403641803327234
3.2,2.1293774319066148,3.236479739658102
0.5,2.1293774319066148,0.22368046696787847
4.3,2.1293774319066148,3.473268938411823
1.8,2.1293774319066148,2.280093575650581
2.1,2.1293774319066148,2.3614130626673475
1.4,2.1293774319066148,1.0638543717502524
3.8,2.1293774319066148,3.310988845549078
0.6,2.1293774319066148,0.25270172046160355
1.3,2.1293774319066148,1.4863323790679068
1.6,2.1293774319066148,2.5813233745714514
1.0,2.1293774319066148,1.301040747189325
2.0,2.1293774319066148,2.108976651837632
1.6,2.1293774319066148,2.120260892166894
1.7,2.1293774319066148,1.9466635049779808
3.2,2.1293774319066148,3.6194257920179744
2.1,2.1293774319066148,2.2028420473523096
3.4,2.1293774319066148,3.262510894138111
2.3,2.1293774319066148,2.3452349706744013
2.2,2.1293774319066148,2.1987570310915188
3.4,2.1293774319066148,3.149970644949987
1.6,2.1293774319066148,1.3904312302609183
5.5,2.1293774319066148,4.9900309635687154
2.0,2.1293774319066148,1.80195974706417
1.2,2.1293774319066148,0.9062635384854878
1.6,2.1293774319066148,1.5199881068329215
3.4,2.1293774319066148,2.8989234921191995
4.0,2.1293774319066148,3.831268081899275
6.7,2.1293774319066148,5.305744319690005
1.9,2.1293774319066148,1.8295697630275314
1.3,2.1293774319066148,1.255834707026796
3.4,2.1293774319066148,3.1074199414437773
2.1,2.1293774319066148,2.4466866544292687
1.7,2.1293774319066148,1.8200321415871032
2.3,2.1293774319066148,2.311735639912586
2.9,2.1293774319066148,2.878876578247522
1.6,2.1293774319066148,1.6479410625801445
3.1,2.1293774319066148,3.144095866633071
2.0,2.1293774319066148,1.9067152135416192
1.3,2.1293774319066148,1.5468013947402501
2.2,2.1293774319066148,2.0313695071794555
1.7,2.1293774319066148,1.4093970299255463
1.7,2.1293774319066148,1.8122651647279753
1.7,2.1293774319066148,1.5649602312202562
2.6,2.1293774319066148,3.03521417475151
0.8,2.1293774319066148,0.8050961168961921
3.4,2.1293774319066148,2.945415184667478
2.1,2.1293774319066148,2.3456524002092864
0.8,2.1293774319066148,0.6483833233479117
2.0,2.1293774319066148,2.1645108616746236
0.7,2.1293774319066148,0.5560393642243997
3.0,2.1293774319066148,3.3909886472722093
1.7,2.1293774319066148,1.991197891688019
4.5,2.1293774319066148,4.772721118951257
0.8,2.1293774319066148,0.9565559489409172
1.0,2.1293774319066148,0.9214461619828223
1.4,2.1293774319066148,1.5485399776233657
2.7,2.1293774319066148,2.4411493608607953
3.5,2.1293774319066148,3.677240222095854
1.4,2.1293774319066148,2.1837665567716575
2.9,2.1293774319066148,1.604504412783692
3.3,2.1293774319066148,3.5566531630576073
1.0,2.1293774319066148,0.9623060229045814
0.8,2.1293774319066148,0.9119832233555132
0.7,2.1293774319066148,0.6222990344506545
2.0,2.1293774319066148,2.1339073031709956
2.8,2.1293774319066148,2.8124456342810333
1.8,2.1293774319066148,1.4262370918983143
1.5,2.1293774319066148,1.4425290327157372
1.7,2.1293774319066148,1.900984832802812
0.6,2.1293774319066148,0.5333060622925778
0.8,2.1293774319066148,0.6475502689294053
3.2,2.1293774319066148,3.8772316790142134
3.2,2.1293774319066148,2.692837896739556
2.4,2.1293774319066148,2.5028144322720114
0.9,2.1293774319066148,2.123069974749565
1.0,2.1293774319066148,0.6564074835765252
1.6,2.1293774319066148,1.5884434773281857
0.4,2.1293774319066148,-0.12438245740084453
0.8,2.1293774319066148,0.3898916493241471
0.9,2.1293774319066148,1.0561685313760698
2.4,2.1293774319066148,2.717181074335762
0.4,2.1293774319066148,-0.1052187011356347
5.8,2.1293774319066148,5.345363705027829
0.6,2.1293774319066148,0.5653781881687616
3.0,2.1293774319066148,3.609645222309754
1.2,2.1293774319066148,0.9294329089636697
3.3,2.1293774319066148,3.19977243315878
3.6,2.1293774319066148,3.4323575811915474
1.0,2.1293774319066148,0.9172027230762871
1.9,2.1293774319066148,1.5957799087661186
2.7,2.1293774319066148,2.383499349323447
1.4,2.1293774319066148,1.0203456867533958
0.8,2.1293774319066148,1.4550675139893923
1.5,2.1293774319066148,1.6625313809371531
2.2,2.1293774319066148,2.1542550499088975
1.2,2.1293774319066148,1.1079882564046235
2.7,2.1293774319066148,3.167180260716454
7.3,2.1293774319066148,5.878399993418427
2.6,2.1293774319066148,2.4248753276584583
5.9,2.1293774319066148,5.042214277240798
2.2,2.1293774319066148,2.0851742445610046
2.7,2.1293774319066148,3.2367448386239457
2.1,2.1293774319066148,2.184974010970713
2.8,2.1293774319066148,3.090191948434753
2.7,2.1293774319066148,2.633813281029787
0.7,2.1293774319066148,0.6190423086785966
2.0,2.1293774319066148,3.6321494470421607
4.3,2.1293774319066148,4.6052885099986245
2.5,2.1293774319066148,2.304972820324178
10.2,2.1293774319066148,7.175094726624554
1.8,2.1293774319066148,2.1337675385604595
0.5,2.1293774319066148,0.18852844927790802
4.1,2.1293774319066148,3.896228650547328
2.1,2.1293774319066148,2.1132445859400786
1.4,2.1293774319066148,1.573205419816591
2.5,2.1293774319066148,2.7967458274887873
0.7,2.1293774319066148,1.4587911130750562
2.1,2.1293774319066148,1.7968597928054433
2.3,2.1293774319066148,2.4589937801686492
0.9,2.1293774319066148,0.7319586427139828
1.6,2.1293774319066148,1.6605648667339397
1.4,2.1293774319066148,1.4247392852611953
1.2,2.1293774319066148,0.9170186554611832
1.1,2.1293774319066148,1.0290129403110422
1.5,2.1293774319066148,1.476051934135485
0.5,2.1293774319066148,0.8709083480343276
1.7,2.1293774319066148,1.7200193773497958
6.4,2.1293774319066148,5.2420715184097
1.1,2.1293774319066148,1.5628986057907297
0.6,2.1293774319066148,0.6281698866380905
0.4,2.1293774319066148,1.4082724713338646
1.2,2.1293774319066148,0.9307231881995606
2.5,2.1293774319066148,3.2341377744523916
2.0,2.1293774319066148,2.131499366732931
5.0,2.1293774319066148,4.350234673657596
2.8,2.1293774319066148,2.796725030557483
4.8,2.1293774319066148,4.764321395757557
4.5,2.1293774319066148,3.852501440350002
0.8,2.1293774319066148,1.0326231574490206
5.0,2.1293774319066148,4.405836995541829
4.0,2.1293774319066148,3.7596080452238545
2.1,2.1293774319066148,2.115886285108945
2.6,2.1293774319066148,4.101107902300324
8.1,2.1293774319066148,6.478523023332739
2.2,2.1293774319066148,2.388038133098248
3.4,2.1293774319066148,3.2321967919570467
1.5,2.1293774319066148,2.4785048093696567
4.0,2.1293774319066148,3.1583769863826623
2.3,2.1293774319066148,2.672833475334503
1.1,2.1293774319066148,1.2323427932232285
2.4,2.1293774319066148,2.3941970639791075
1.8,2.1293774319066148,1.6605692984574325
0.8,2.1293774319066148,0.7340960656506359
3.4,2.1293774319066148,3.6875669915989953
0.6,2.1293774319066148,0.7971688985075562
1.7,2.1293774319066148,2.148799576565718
3.9,2.1293774319066148,3.936626166271023
5.0,2.1293774319066148,4.701942397155086
1.2,2.1293774319066148,1.618106540868443
0.9,2.1293774319066148,0.6017968196278063
1.5,2.1293774319066148,2.020077137319913
1.2,2.1293774319066148,1.05756264617073
1.4,2.1293774319066148,1.1977415613867435
2.2,2.1293774319066148,2.3741472244362307
2.6,2.1293774319066148,3.944683237468986
1.2,2.1293774319066148,1.1389324626249566
2.7,2.1293774319066148,2.2081458653685266
3.2,2.1293774319066148,2.8631046663940585
1.6,2.1293774319066148,1.9862798404741224
3.8,2.1293774319066148,2.9868727297416036
1.3,2.1293774319066148,1.6016335000365607
2.2,2.1293774319066148,2.3461113328158167
1.6,2.1293774319066148,1.6668244523448168
2.3,2.1293774319066148,2.414031904253755
1.7,2.1293774319066148,1.9701768629200205
0.9,2.1293774319066148,1.232014059077478
1.4,2.1293774319066148,1.3373897515766986
2.0,2.1293774319066148,2.2672727621961126
0.6,2.1293774319066148,0.10972929358584427
2.8,2.1293774319066148,2.364662479066148
2.8,2.1293774319066148,3.075660063290743
0.2,2.1293774319066148,0.7858846813032638
1.7,2.1293774319066148,1.8706377646054237
1.2,2.1293774319066148,1.0851347596941148
1.2,2.1293774319066148,1.4563797997351555
1.1,2.1293774319066148,1.1992705385257842
1.1,2.1293774319066148,0.8742677305532114
0.3,2.1293774319066148,1.5063696870520986
0.4,2.1293774319066148,0.6166180541476922
2.7,2.1293774319066148,2.693485612702626
0.4,2.1293774319066148,0.7040611782251607
2.0,2.1293774319066148,2.1314081017756745
4.5,2.1293774319066148,4.180789448744298
3.9,2.1293774319066148,4.336942552649453
1.1,2.1293774319066148,0.804192240938362
1.6,2.1293774319066148,1.408626053907711
0.7,2.1293774319066148,0.42111474776951363
2.3,2.1293774319066148,2.039339622887721
2.0,2.1293774319066148,2.342945253287574
3.5,2.1293774319066148,3.562454061573228
1.3,2.1293774319066148,1.6388642290974558
0.7,2.1293774319066148,0.5756396528799981
5.6,2.1293774319066148,3.6923736647023624
5.0,2.1293774319066148,4.385397483645729
5.0,2.1293774319066148,4.451341895541239
1.4,2.1293774319066148,1.5127810157086286
4.0,2.1293774319066148,3.729014488438092
0.9,2.1293774319066148,1.1812609327496553
0.9,2.1293774319066148,1.523782188841866
1.2,2.1293774319066148,1.1442615409496564
1.4,2.1293774319066148,1.5124336167048944
1.8,2.1293774319066148,1.863731277945981
0.9,2.1293774319066148,0.5664385789360746
0.6,2.1293774319066148,0.2904010544687743
3.1,2.1293774319066148,3.265674896601114
1.0,2.1293774319066148,1.1586938853966786
0.6,2.1293774319066148,1.0931817456516515
0.6,2.1293774319066148,0.4106388493883748
1.1,2.1293774319066148,1.3547028889671695
1.4,2.1293774319066148,1.764047327450137
0.9,2.1293774319066148,0.46496568880995715
1.7,2.1293774319066148,1.758607996728405
1.1,2.1293774319066148,0.8738545012538879
0.5,2.1293774319066148,0.25248124565676466
1.7,2.1293774319066148,1.6837686966768022
4.5,2.1293774319066148,4.057115998235607
0.9,2.1293774319066148,1.449573923592364
1.3,2.1293774319066148,1.817572982837166
1.6,2.1293774319066148,1.780669950356573
2.1,2.1293774319066148,2.4659666254708306
1.9,2.1293774319066148,1.8584983978418916
2.6,2.1293774319066148,2.732528189660316
0.6,2.1293774319066148,0.09136183729672043
1.2,2.1293774319066148,1.017832290728138
1.4,2.1293774319066148,1.129793267595523
1.5,2.1293774319066148,1.1620300412648503
4.9,2.1293774319066148,4.954618205012901
2.0,2.1293774319066148,2.733522212971154
2.0,2.1293774319066148,1.8541990249408788
3.9,2.1293774319066148,3.844895344750188
3.5,2.1293774319066148,3.9147797408326364
0.1,2.1293774319066148,1.0165713146778756
4.0,2.1293774319066148,3.141332055086318
3.6,2.1293774319066148,3.778135028990757
1.1,2.1293774319066148,0.8595608655322373
3.0,2.1293774319066148,2.6645861673260156
4.1,2.1293774319066148,2.871992545644141
1.2,2.1293774319066148,1.5392121520264
2.2,2.1293774319066148,2.5390629853390956
2.0,2.1293774319066148,2.043454551415563
4.4,2.1293774319066148,3.8617768885504393
3.5,2.1293774319066148,4.060477868767025
0.9,2.1293774319066148,0.6030795454758295
6.7,2.1293774319066148,4.572955797623921
1.1,2.1293774319066148,1.7589664160650078
1.9,2.1293774319066148,2.126720928376551
2.8,2.1293774319066148,2.9159154673921313
3.3,2.1293774319066148,3.325457282051526
2.6,2.1293774319066148,2.773783366519356
1.1,2.1293774319066148,1.1817488640589624
2.2,2.1293774319066148,2.0192330185365446
1.9,2.1293774319066148,1.99112267110889
4.7,2.1293774319066148,4.77109238418063
2.1,2.1293774319066148,2.3574913128718302
1.0,2.1293774319066148,1.0488622948473871
0.4,2.1293774319066148,-0.32804535436198545
1.7,2.1293774319066148,1.497033504795171
1.1,2.1293774319066148,0.8390349637895231
1.1,2.1293774319066148,1.2164525342638546
2.7,2.1293774319066148,3.1674748549876157
2.1,2.1293774319066148,1.7844848779472313
1.7,2.1293774319066148,1.5489087422604428
2.2,2.1293774319066148,2.513162020011592
4.0,2.1293774319066148,3.884794406320312
2.6,2.1293774319066148,2.7278749091000116
0.9,2.1293774319066148,0.7593439468576744
0.8,2.1293774319066148,0.3360069861515689
1.1,2.1293774319066148,0.8733440810368276
0.8,2.1293774319066148,1.3609875282936323
3.6,2.1293774319066148,3.191149741827531
1.1,2.1293774319066148,1.4510365273104882
6.1,2.1293774319066148,4.942979586685894
2.6,2.1293774319066148,1.789158900963403
1.5,2.1293774319066148,1.4501995325950594
1.2,2.1293774319066148,1.3660700072285028
1.0,2.1293774319066148,0.7810425952128586
2.6,2.1293774319066148,3.27515697397381
4.2,2.1293774319066148,4.262736874657469
3.8,2.1293774319066148,3.3809466423107644
1.0,2.1293774319066148,0.8427739154407643
2.5,2.1293774319066148,2.9070166782054567
3.8,2.1293774319066148,3.609067264576977
